,xPos,yPos,zPos,R,Re,phi,xForce,yForce,zForce,xTorque,yTorque,zTorque
0,2.9567486,1.16697092,8.00081384,0.5,2.0,0.2,27.775755232368805,-0.5291681802580781,-2.99520964498693,0.12383801375308504,-1.7073674299146848,1.1244381959490872
1,2.82085109,3.28866371,8.54257294,0.5,2.0,0.2,38.5459636658907,11.370487621084546,-8.075761904414263,-0.06815823923015707,-0.7646042096131064,-1.6443391355834653
2,8.54456589,5.55247814,8.62135552,0.5,2.0,0.2,29.431291670669548,7.154777871638944,-5.010294702348153,-0.5060709922790197,1.2172823913100155,-0.6437427766795605
3,2.20170551,0.77753779,3.79141868,0.5,2.0,0.2,26.5594335917178,2.668028161114524,-1.0454966881931138,-0.19580858484562064,1.6540127355537055,-0.7588721619139315
4,8.95679227,7.28648721,7.56515875,0.5,2.0,0.2,29.498509085629575,-4.572090949548981,-11.903420156389313,-0.1305370507390919,0.9398524596199235,-0.34466408225741835
5,4.60565228,3.60301779,1.86840246,0.5,2.0,0.2,17.609569269530372,3.171538594100978,-1.6382060597926884,-0.22418376439863016,0.8885049841550199,-0.6947581253923499
6,5.96884467,4.60220255,1.92467876,0.5,2.0,0.2,26.716043266220645,-1.3206981816123848,-0.5604445195906458,-0.4486302975734577,-0.47062349309491214,0.010247003008202596
7,5.01940943,3.69936409,6.66157603,0.5,2.0,0.2,31.53890889588583,0.5494782277928065,-5.741421745692553,-0.34127066000008344,-0.7995803264961251,-1.7554092851314549
8,7.87451425,1.39110615,6.77966235,0.5,2.0,0.2,23.306901131132346,-5.957791892480441,1.5766784254786452,0.26814470616528413,0.8382113912785233,-0.6386290590991914
9,4.55794831,8.25553612,8.31958412,0.5,2.0,0.2,24.415891808437397,0.6861151060576001,0.19847813499913486,0.033185932144101336,0.5159169437673151,-0.025824836181226572
10,8.12235303,3.76210648,7.19896139,0.5,2.0,0.2,29.476033261735484,-7.077911545900311,1.0603153742835403,-0.26770906699686287,-0.5279227262824955,0.2509268195786225
11,0.06810991,5.8669304,1.52567473,0.5,2.0,0.2,24.864305197151918,-1.8936395791301457,4.500746234669113,0.054039276206059056,-1.111208791144331,-0.11042762584924751
12,2.91199551,0.05180733,5.51382929,0.5,2.0,0.2,25.152191657791075,1.6410979257669522,1.1812999597093927,0.032366988368512796,-0.4804884567934077,1.5140159314911052
13,4.7243944,4.90644714,4.32209083,0.5,2.0,0.2,27.519001332739037,-4.508781845303477,-0.47060580488417186,0.2995093327153914,0.7623498503928393,0.04099369371376826
14,6.82126412,1.93273103,7.89190491,0.5,2.0,0.2,29.339284824745434,-5.614660269133129,-2.146445318140756,-0.4189950401746829,-1.64882273047649,-0.6527347688454143
15,4.38027353,2.79580805,1.13642764,0.5,2.0,0.2,24.918878473917044,-2.0979521586240524,-0.913498955814595,-0.105573729736212,-1.295760554399825,0.26055800903247567
16,3.17662802,0.11351481,1.78161206,0.5,2.0,0.2,27.518296198551067,-0.09358978080231843,5.868761819370786,0.2882226611631476,0.3582544564604604,-0.344048694857748
17,2.28244552,8.85330821,7.76416585,0.5,2.0,0.2,28.13569602165733,-3.225032192298244,3.0067469138291303,0.301064520345001,1.4330640191706123,-0.7625261861792426
18,6.88664781,5.65548841,1.34875943,0.5,2.0,0.2,31.416685184662718,-1.4876114340998339,-1.9950087799363072,-0.20679334359358761,-2.307295984029741,1.7184443566407155
19,5.69067022,2.02673893,5.08690155,0.5,2.0,0.2,19.83869810341557,2.476017504904135,9.676910401500109,-0.712438324506282,1.658558339240196,0.5729502717710008
20,3.51349785,3.53477687,2.03344572,0.5,2.0,0.2,27.901962972419568,8.111359848332071,1.9796850080486146,0.03642662297512892,0.46179206495658043,1.0402582081460021
21,1.69155796,8.25853514,1.70719539,0.5,2.0,0.2,24.90657072023692,-0.45395388360671046,-1.3729471733474374,-0.12156548592639971,0.9325692664640134,-1.3613215095954454
22,1.08204396,7.38285812,3.31541074,0.5,2.0,0.2,12.505856914205314,5.158049761370443,0.5472079453222303,0.40774522483533954,-0.6114139953259357,0.11309916689423873
23,8.20430011,4.64468188,5.87619491,0.5,2.0,0.2,37.30222146283759,-0.7865291935341362,0.7326666735039881,0.34870191980499005,-1.3415002463867776,0.19679303175210155
24,8.11516631,5.10053265,6.81109503,0.5,2.0,0.2,38.48032176634322,-0.6969366664216382,-0.3682759951607254,-0.16305129211554245,0.7543845104605034,0.3320582103580646
25,4.04443904,3.64052282,3.62916421,0.5,2.0,0.2,27.27904363783017,1.6588963025655261,-5.982094873195756,0.17723089184875,-1.093284635096421,2.0591714994443526
26,4.35453852,1.70229936,7.65391873,0.5,2.0,0.2,26.472938388108297,0.17612827973187917,4.948183155623107,-0.14367306116310555,-0.17329544267884497,-0.7517363329810512
27,0.61693654,6.9635422,1.48030819,0.5,2.0,0.2,21.770673713747982,-1.5649401208911549,7.301501116906824,-0.27473040777327634,-0.7881492338630183,0.1999312885735566
28,0.21717455,8.91055276,3.10981706,0.5,2.0,0.2,32.77190353746341,-5.394286145164606,-0.4924311620784499,-0.3118257784045246,-0.8180312885764635,0.10165549083095815
29,0.99336016,3.69244437,5.79251785,0.5,2.0,0.2,32.472133416971545,0.8727761815504709,-6.359699199811782,0.4083977530241573,-1.6906046893545124,2.125364968461761
30,4.518146,4.70622533,0.29784649,0.5,2.0,0.2,34.971185724611,4.0334591039079974,4.260085411939385,0.6942856416699746,-1.2171659946405415,-1.3816319672896897
31,5.68118923,8.13540698,0.72180313,0.5,2.0,0.2,21.19712904463199,3.3430702595531385,0.3795360127226672,0.16791697434464745,-0.4120113657365288,-0.7689398689324711
32,7.36409062,6.05034579,5.88399536,0.5,2.0,0.2,38.734297270568796,1.4975667457151196,-5.978559966380171,0.4072672895314729,0.8366025138216661,1.7830798179105647
33,7.1699582,7.75272041,3.74276458,0.5,2.0,0.2,26.218066915017467,2.2527934096064772,4.829614500997006,0.4428807449482229,0.2542293338502521,-1.3641887285884071
34,1.14555518,2.97146129,7.55692955,0.5,2.0,0.2,32.2777661290974,7.02222216328727,2.5678888671022175,-0.5596058513131736,1.1118306638198827,0.40818194884582026
35,8.62179337,8.87971421,2.02704763,0.5,2.0,0.2,34.66323219548472,-0.18709813972302994,-3.39079607328594,-0.23702138575153164,0.27465553218866423,-0.02159587622889289
36,8.87593522,7.34466317,5.96072219,0.5,2.0,0.2,35.16455103868296,1.5145399784640252,1.483060593475419,-0.053200765143715474,-0.21575616226522998,0.5556357993724808
37,2.71531291,6.85048822,1.22677069,0.5,2.0,0.2,28.34647795947968,-3.7157181092783826,-3.001635641681279,-0.5795273825796929,-1.081697997886667,1.0769096936407445
38,2.49003774,5.72216499,3.11779518,0.5,2.0,0.2,28.143973915306038,3.902312870179582,-3.06614714053338,-0.3515580754160554,1.1319102999615134,0.49559268276897617
39,6.77930884,7.74864019,8.78232854,0.5,2.0,0.2,35.1418866221307,5.933010187691042,-1.7902643491253003,-0.24088391418611899,0.8642328484065049,0.5283312231980156
40,6.37210943,1.24711092,4.83757427,0.5,2.0,0.2,25.678550550340123,5.092248232441453,-3.466774698076256,0.1742013548416957,-0.6775453683202208,2.0137486996234677
41,1.59134131,2.13449503,2.40327518,0.5,2.0,0.2,23.749945238775684,-3.9969934383614567,9.758413030672699,0.3706129916811085,0.6474260835943679,-0.6794225062564693
42,7.41870946,6.25647689,3.80299461,0.5,2.0,0.2,21.06425765746565,4.99893880539571,5.319304313755471,-0.40547511345444737,0.13735941964753823,1.4824867033354647
43,2.17719354,5.50063417,1.04832991,0.5,2.0,0.2,25.467742139754066,-2.075446362380893,-5.777752870313135,0.3145341600104066,-0.758798796583758,0.2617112229143329
44,7.66333703,7.96460497,2.55554257,0.5,2.0,0.2,25.077456408372417,4.493633156206007,4.830596227664073,0.4302947578181103,-0.4963405751912939,-0.8169850259203454
45,2.59342192,6.86862242,2.3221943,0.5,2.0,0.2,25.206731538713,-1.8971871177485824,-1.4156317992680627,0.4514559246687223,0.7354031435447839,1.0183939263026105
46,8.50783739,5.97807412,7.3567328,0.5,2.0,0.2,29.18271915613999,6.907004633057643,-1.2250268654463012,0.28637660410896465,-1.0163151434161186,-0.15882938578918177
47,3.67509083,5.33116936,1.18329895,0.5,2.0,0.2,29.506412028568555,5.624351307996417,1.9726050199501945,0.3348131306204589,-0.42912758353670966,-0.3363004299872974
48,0.56162957,2.15381274,8.84643403,0.5,2.0,0.2,24.711137819230128,3.6739214578658546,0.8539858318066418,-0.06533143294190413,0.578733916144672,-0.7389416534140072
49,6.10985997,2.68613048,4.36920013,0.5,2.0,0.2,30.360704371717265,7.2860130581645715,6.038015316469111,1.0764978282456377,-2.63781433162564,-1.6211986836224725
50,3.37868821,4.01513483,4.58310262,0.5,2.0,0.2,30.21938920416181,-0.7280415582517638,5.448598950012969,-0.3400290379953892,1.5302860929513824,1.084650381781175
51,5.84538438,1.96390096,6.6855727,0.5,2.0,0.2,30.760790661768386,8.227922512685323,-1.4288732629240912,0.169324911549143,0.6136219628355759,-0.060834894128626714
52,8.57493826,6.12762013,3.64632077,0.5,2.0,0.2,27.577809414393386,-1.3812678851892235,-5.072766369544974,0.2421723179331517,0.8275580518420053,0.9963354240603243
53,4.49078256,4.02310667,5.55406057,0.5,2.0,0.2,35.29272617142779,2.2839452722330735,-0.3496427403600476,-0.020359925828085153,-0.08854897838665177,-0.5727652590573381
54,5.30646709,6.12015637,4.34995566,0.5,2.0,0.2,20.773654518245813,0.5863621151379478,4.870145735982511,0.05316571440353438,1.9742969118927862,-0.529228834377956
55,4.41292173,7.61239375,6.03121041,0.5,2.0,0.2,34.15786516598557,-4.689623427424403,2.932757840734362,0.3486791180084557,0.28930964853875657,-1.0293432877581097
56,2.545422,0.59104028,6.7441813,0.5,2.0,0.2,22.404914750921645,1.0349881817907693,1.7106461927397534,-0.14737802598163832,-0.04410838341151717,0.4080424712495833
57,3.96910292,6.32388132,4.99028528,0.5,2.0,0.2,23.566464226549474,-0.48114257985132625,1.1915204735578673,-0.29065258106215097,-0.7227423903899082,-0.017389143374291205
58,6.22478645,2.08853386,1.25292204,0.5,2.0,0.2,25.814210898219084,1.8463175772693046,0.15424554934895307,-0.04489278694101911,0.20244561551052745,0.9244239640331733
59,7.99312961,5.3370967,2.85318815,0.5,2.0,0.2,34.61095510030835,-3.3481169769781434,6.78600029454384,-0.1436527415944305,0.9423183806676397,0.07183161445349369
60,8.83874002,1.76712782,5.13495298,0.5,2.0,0.2,29.812246273540172,-6.364242192317937,-5.608112151920314,-0.9287865418557538,-2.1539834419959587,-1.1014507777200835
61,1.24054644,4.66274083,7.83487394,0.5,2.0,0.2,29.095157007870128,-2.1473419186853695,9.708689727705753,-0.27990295330599246,0.5692391744047359,1.127030428752257
62,8.11532586,5.63325407,1.73490426,0.5,2.0,0.2,25.822885359094283,2.0916614932529876,3.9359436645262837,0.10608625964380983,0.6996145636881731,-0.29622364772451465
63,8.46233456,3.55913656,5.31717521,0.5,2.0,0.2,29.966638836582895,-1.8835976169784443,-3.430829737125259,-0.03573263576532751,1.4312911974342888,0.8869096418998403
64,3.47965635,7.93495201,7.48423223,0.5,2.0,0.2,23.43694225839065,-4.398146099992056,2.5448625728464576,0.7187993952333986,-0.9899848772682716,-0.5388333679003285
65,8.02253539,0.29648414,7.66847691,0.5,2.0,0.2,31.011008030817806,1.7583818965430043,-0.4390126289711412,0.24308669596715535,-0.31228164641952283,0.46241156908437603
66,2.12486041,1.15289096,5.65781009,0.5,2.0,0.2,22.716959070122723,1.2836612201547413,-3.8117463005373824,0.022078127740381814,-1.936000348724873,-0.4448340688687303
67,3.49576834,8.451994,3.03095752,0.5,2.0,0.2,26.59876414500347,-1.914039027612156,-5.457114946798701,-0.1833293547049598,-0.17047859741276983,0.18890215985517012
68,3.38836991,7.39145722,1.85552042,0.5,2.0,0.2,21.737113203827104,-8.186983040604437,-0.7150966342117172,0.010421378740465972,0.3645772092384808,-1.3123893747954036
69,8.70393014,0.61582289,5.34013179,0.5,2.0,0.2,27.41615814859892,0.7845549484786255,-1.0280273566376794,-0.05931918070128308,-0.050223663185052406,2.1174131508602416
70,5.87778384,0.1384722,7.01313313,0.5,2.0,0.2,30.176495531104894,-4.358150285233869,5.907439656264209,0.15720133919742327,-0.40235004666755275,0.3761362411649313
71,4.95820212,7.65463894,4.98477853,0.5,2.0,0.2,26.714067149732447,-4.849404909799801,3.4132330090041303,-0.020660380825414257,-0.18935997074999217,-0.04106886319584713
72,7.94732148,0.61125564,8.88367718,0.5,2.0,0.2,34.878353025880806,0.43883525244891064,-4.3646470410473786,0.27986885111366266,0.5518659861209665,1.0081314265019476
73,5.23065906,0.23610205,8.02821474,0.5,2.0,0.2,22.058575538628062,-0.1736937124976738,1.6030226088064472,-0.15865103864495642,1.4220923023506065,-0.4920001409236567
74,4.71982044,3.38673203,8.90791659,0.5,2.0,0.2,31.314712419945778,-1.0710499747952396,2.2526700730013633,0.06172076585815656,-0.19166943485987148,0.7843798441941092
75,8.87663697,8.45700359,0.58043214,0.5,2.0,0.2,20.591343406489614,8.308504773224634,4.640260593431582,0.5412693026898019,-1.6063687961741129,-0.3310233544413312
76,6.41751056,8.79745107,8.5273659,0.5,2.0,0.2,34.47082290681631,0.20310525972083468,-7.157200762979206,0.015633226384603478,0.8891904964694576,-1.3710366412309662
77,2.95971793,2.22141087,0.97607586,0.5,2.0,0.2,23.244107489904348,0.7082238831140273,-1.3281502964986944,-0.09051886608134237,-0.5995901543132535,-1.1007824742628696
78,4.07479865,5.56702214,3.3848847,0.5,2.0,0.2,16.656825294157805,-7.355545698890715,-5.708285416720596,-0.28864441340710734,-0.03446855478610743,-0.251383611024863
79,6.0045809,2.70276593,2.63917742,0.5,2.0,0.2,24.646443334396,-5.49616441392798,-5.171588197453594,-0.13722398003089573,1.215823018479176,-0.05663327221597131
80,5.47825103,7.75784198,2.5554834,0.5,2.0,0.2,21.409939848362146,-4.100723116035035,-1.0531563486027264,0.15046743924786543,-0.08722441072392746,0.4409185442830327
81,4.09514643,0.87072939,3.49910486,0.5,2.0,0.2,36.49957266338882,2.982238430403077,-4.217669050729894,-0.1743977224370169,-0.20915445421981718,-0.591405673325158
82,8.97497127,2.0941942,7.5634971,0.5,2.0,0.2,20.46405237138021,-4.819925867992468,4.575048484646225,0.04189821980877683,-0.5103209420880087,-1.0979556738103446
83,0.72018511,1.43408605,7.10801871,0.5,2.0,0.2,20.178285637218853,-0.13772251873829197,-0.5530773557782774,0.09699063369576447,0.4298990779335027,0.18850560392384852
84,3.38845964,4.564809,3.45856334,0.5,2.0,0.2,32.75339304816778,5.121098315447835,-6.9731679118231575,0.14351235272075746,0.7706638005485358,-0.7467923801009536
85,5.55198317,5.13804206,7.19359881,0.5,2.0,0.2,38.89357005524362,0.7264141755761351,-8.402413193073576,-0.15495665249620058,0.14359039644192523,-1.3890348884920762
86,8.19665216,7.14465958,3.7936317,0.5,2.0,0.2,18.20700461617095,0.29166976212425266,-0.8610649942478747,-0.11171258505705174,0.4887636155207139,-0.5473592616559144
87,4.94030953,1.02860862,0.80954632,0.5,2.0,0.2,22.22418337754386,1.5594129173495643,-1.0245986902424,-0.15570395926470043,0.40538543230670954,0.8289202142344638
88,8.78988528,1.97076454,3.45529604,0.5,2.0,0.2,27.731960338328793,1.4030858248201419,4.221644613707151,-0.3441927131929676,1.0241624760381232,-0.07423426429812971
89,2.77370313,7.30128926,7.90157958,0.5,2.0,0.2,26.849486371276015,-0.6484508448858696,4.4740888701726025,-0.02266205717719598,-0.45607049877794004,1.7696337195721987
90,1.39889436,3.70002165,6.85287022,0.5,2.0,0.2,27.998927698401264,-1.3473178936703833,6.346794617507833,0.20623504362897369,-0.16263185065729285,0.25386162634093973
91,6.36617765,7.53468168,6.34030023,0.5,2.0,0.2,28.619880843014634,8.80481937761458,-2.245531917820733,0.5148831906097301,-0.9079834679693274,0.7795646193181207
92,6.49113266,6.68163053,0.26827748,0.5,2.0,0.2,37.44347531346275,2.601202874526432,-2.9263780864369213,0.6058548195051413,-1.1728107451681666,2.3733295000512307
93,8.90369966,8.39835509,6.34531288,0.5,2.0,0.2,29.71084497948094,-1.313264394862039,-1.2355601312760607,0.11484698562267974,0.31099850031436493,-1.8115841255780243
94,0.90706813,3.77250056,1.95493683,0.5,2.0,0.2,24.51684593637265,3.166910476801981,3.0550453633768346,-0.4091539763241774,1.9092555044170623,0.1987900004529271
95,7.28702123,1.51837814,5.53410077,0.5,2.0,0.2,24.993590975930722,3.469934286294234,1.1038972482597873,-0.10556887434190604,0.5332189541069144,-0.9778772857955178
96,2.89393786,1.51586877,0.0566931,0.5,2.0,0.2,23.152023760048365,-0.6402748034509974,-1.2287405698890002,-0.3196409953751692,0.7558909034869762,-0.374600685631683
97,5.17448209,2.2866909,2.26074737,0.5,2.0,0.2,24.517900890662464,-3.128106058269979,-7.824688302439504,0.3446718960208494,0.1618689530383454,1.4656786685516745
98,5.03752821,0.44276061,2.39295681,0.5,2.0,0.2,27.09827489912198,4.499395836597239,-3.607085100272347,-0.2242701218287895,0.7723803737590408,-1.7367490920497606
99,8.62893903,4.14024062,1.32135524,0.5,2.0,0.2,32.160328297085265,-7.2580338988568736,1.0879417985413893,-0.19513153270682346,0.61039164095498,1.1738982275250363
100,7.32664063,2.18778469,3.8674245,0.5,2.0,0.2,27.694265398833437,3.34239201736849,9.81471504227404,0.3093664218793319,0.7199780260133468,-0.6543099332856087
101,7.89537247,8.88811483,1.10085412,0.5,2.0,0.2,34.588770054926414,2.020690983436998,-5.222372509783151,-0.2065422016691425,-0.1905540272337124,-1.5618921450630572
102,5.91853607,8.95947265,5.68290546,0.5,2.0,0.2,24.58742456796507,-8.456271597526667,7.918807538866694,-0.22382820597934816,0.4300743642452478,1.0177903985993437
103,5.41541748,4.04877092,3.9986188,0.5,2.0,0.2,22.99491562417234,7.808044284537553,6.639255864050582,0.7898399891495946,-1.694694344654581,0.20338974962659245
104,3.27730719,4.50460616,2.42220161,0.5,2.0,0.2,28.092842340365912,3.7223112099230202,-3.391833596524877,0.008429235484343017,-1.2549130802712913,-1.1386203274029343
105,6.80371924,4.13556803,7.58810663,0.5,2.0,0.2,23.27856035766116,-6.6822206517040375,-3.8321734156089033,-0.16968755853233572,-0.526265577386911,0.8326702294575075
106,0.64980908,4.67633069,1.34232507,0.5,2.0,0.2,23.554147249157644,0.6285829938230945,2.951464481352344,-0.028644359660134112,0.669015162026204,-1.031008582443364
107,1.7540299,6.60804685,6.01308146,0.5,2.0,0.2,26.977440066488402,-4.7804946730120905,3.018879538063961,-0.13015932599982039,1.5957501034269121,-0.26221470436611755
108,5.57744464,6.37986927,8.31905229,0.5,2.0,0.2,28.521528146413914,-0.5324456485069585,-2.449576757556474,-0.17873326610194423,0.7530055563333049,1.135694371407562
109,0.458356,1.69987108,2.55382617,0.5,2.0,0.2,29.2097342759783,2.261008657147075,2.025386479879902,-0.1360879482310814,-0.7049471044104854,-0.44716979644779037
110,0.06772256,4.16677563,7.9914941,0.5,2.0,0.2,32.72536378991339,-5.066459917940665,3.7238890718134416,-0.02556516086098525,1.286174536143641,0.2710779915501472
111,6.97057805,4.31766315,0.4190966,0.5,2.0,0.2,34.774791391189446,-10.893843865824454,2.1054277248057502,0.026558270537814007,-0.17657980888258562,-0.06186662200310386
112,1.83545897,2.19050851,7.97319861,0.5,2.0,0.2,22.685993054014123,4.7164325241328955,-5.680218160734409,-0.21000140559639732,0.29683320426774024,-0.08464235610556174
113,5.2737986,4.02828032,7.93864101,0.5,2.0,0.2,26.998517755496852,-1.589810217218228,3.14188485700288,0.043289966347217886,1.3939454512354708,-2.4002377715811276
114,2.06724446,8.14493478,4.07881776,0.5,2.0,0.2,20.900542293897335,2.74972192248729,-2.4464218228915713,-0.044047324660874965,1.6066722749868594,-0.7474067774862083
115,7.77704702,4.91104107,4.01958471,0.5,2.0,0.2,38.9373236678108,-5.137124238239825,-6.504628906773098,0.06232820004651275,0.35368332475276826,0.9873222855954246
116,5.81141978,3.39874506,7.31398266,0.5,2.0,0.2,22.69171222610238,1.0052465906009103,-7.353344415246508,0.018142148111975884,0.5542281784403551,1.7184029176298483
117,8.43114802,1.77629873,0.24356552,0.5,2.0,0.2,27.501595411008264,-6.326471838046017,0.2544140760823813,0.06627274593956824,0.8383359496171698,-0.29841605265726784
118,4.32192052,8.15995995,4.01001447,0.5,2.0,0.2,26.12279019627986,-1.9413509526200263,-3.305673926361271,-0.21219688855974603,-1.401552052339927,-1.1571317510505215
119,2.51553184,2.72551489,5.32703903,0.5,2.0,0.2,28.159263168603832,-2.079726027603602,-6.947081177142357,0.36364541251555565,0.9200125697414155,0.4210074116215587
120,1.30696584,0.17759608,5.83449356,0.5,2.0,0.2,24.609588157249476,-2.3356655365839356,-8.903634140156088,0.12248398591424577,-0.2015246241028875,0.6875317180781105
121,0.41035419,8.64524101,8.09390706,0.5,2.0,0.2,26.15287468913877,5.3690526539829175,-6.43664273857519,0.27320695622582675,-1.1032026028977215,-0.34501819876749196
122,7.80306466,6.91591662,6.82896604,0.5,2.0,0.2,37.13702070240569,6.308665609783039,-0.9847852884502993,0.5494392608031111,-2.0053746496543448,-0.03828072823741776
123,7.68640105,8.19909385,6.80751171,0.5,2.0,0.2,29.96452930638053,6.521614363362983,4.69285471425699,0.3418002869985141,0.07024280324769108,-0.91683213131215
124,1.27704689,6.83990512,4.19422885,0.5,2.0,0.2,14.80137333050571,4.505222156641849,0.6736503113908283,-0.1699711062340505,0.131976804379818,0.40532116714263505
125,8.05079072,6.71471494,2.57834683,0.5,2.0,0.2,28.81999543419627,0.6372006138349001,6.2326730211003,-0.233042620702442,-0.20935830375909598,1.3692850075212577
126,7.54632425,8.1962491,5.29839048,0.5,2.0,0.2,36.34641272428375,7.831443507105277,-0.8842129456380032,-0.17317175395193618,0.38762885938657093,1.1435998736963278
127,3.40389559,3.294051,6.23903227,0.5,2.0,0.2,24.028318388658363,2.0616263088402773,3.9614748097390895,0.03703276963266002,0.9847682775061434,-1.5834601084402924
128,4.98713198,0.72456633,7.00753911,0.5,2.0,0.2,20.47388280516496,4.827232157527348,0.9105167463273341,0.40563759935443744,-0.6198193377862009,-0.9103736107192671
129,0.57267359,6.08831774,5.26292463,0.5,2.0,0.2,26.771068589726795,7.892407762882743,1.2074498103068585,-0.574469182761554,0.7234476874882356,0.8802763718775605
130,1.53264345,7.76702657,7.96196259,0.5,2.0,0.2,26.970143265554235,-3.590485459544007,-1.0181479669045645,0.33794815277660273,-0.501916902150344,1.2523245163734313
131,3.58143044,0.77367173,8.94044752,0.5,2.0,0.2,30.019904945558594,-0.03797038097488781,-4.692293867541511,0.1416827151788684,-0.9857477855098329,2.3254751083153784
132,0.98047973,4.80838869,5.99571391,0.5,2.0,0.2,28.689650103015182,3.9236635979909353,0.34167757780460045,-0.10431861770993572,0.09047833482964003,0.23383018134681288
133,2.472614,5.36739346,2.08953674,0.5,2.0,0.2,26.341165049431513,2.8514164591221594,-4.671268779102056,0.19636283831951568,-0.517535197545563,-0.10004095956042051
134,1.84991098,1.63620532,6.61036016,0.5,2.0,0.2,22.685813328293083,-2.165149764084768,-0.4385431655252105,-0.1664054067872658,0.25659654653148234,-1.0019287453690708
135,1.07506129,8.77476745,8.9541859,0.5,2.0,0.2,31.78499650958045,1.950068555049561,5.891142802805927,-0.004428235725899177,0.8626582970158801,-1.172284201779175
136,0.17275102,3.61685551,7.09341324,0.5,2.0,0.2,21.57222164352954,2.9714941215976167,5.332543276897854,-0.0031138859956754855,-1.3641190055056485,1.055254307318547
137,4.47436248,0.03645919,4.8037629,0.5,2.0,0.2,27.18370698049031,5.17232243503453,1.7213040819707843,-0.3746372213637883,0.021942498099076405,0.1344720375215162
138,8.61062065,7.29739063,1.95766801,0.5,2.0,0.2,26.765029752873737,3.1621461025718802,5.004860895033906,-0.08072713981757268,-0.9308163915943611,-1.0643787878762367
139,0.71296171,5.56146845,6.67650219,0.5,2.0,0.2,30.128850919006386,7.579530314303261,0.9815667631105511,0.07196409886012045,0.7481959666993907,-1.778950866230938
140,6.6992278,3.52280283,1.81081745,0.5,2.0,0.2,25.170016300339636,-1.4027897350537446,-3.264383472835704,-0.12297414495737952,-0.3847064255390701,-0.8149524355367731
141,3.90493771,7.25196247,4.1884846,0.5,2.0,0.2,21.1806965546251,-1.2449322281402335,-2.2017913307225223,0.04594896207525692,-0.9821012694617929,1.2735870311029112
142,5.46673269,6.25323849,2.62251284,0.5,2.0,0.2,16.31881987979408,0.4679332305018035,3.592663476264221,-0.053902306881391776,-1.301341396498212,-0.7131849785028779
143,3.87812425,1.62769302,6.31222191,0.5,2.0,0.2,27.261568239580807,-0.8239254307708305,2.007294514392746,-0.2415982636118036,1.0419793981260193,0.8431929477158153
144,4.41307002,1.74483932,0.04552728,0.5,2.0,0.2,22.39077171275501,-4.27571194302817,-0.273812275175092,-0.314808524129364,-1.0640717190700058,-1.2635865047730641
145,0.79955362,8.63546518,4.67758803,0.5,2.0,0.2,29.081430857683085,2.2623993956136785,-3.178244052058427,-0.18821221490328385,1.0402772967705598,-0.08324440675238194
146,6.9487307,2.70482346,8.90952673,0.5,2.0,0.2,34.62092209422035,-4.157711846237495,0.9303486663186129,0.24520257531683948,0.8617264682623882,-1.6262827768266654
147,6.68360534,4.04008051,3.14464982,0.5,2.0,0.2,36.839486785559224,3.0213840491021515,7.269583499292402,0.16367134109446832,0.8689084473142452,-1.2170826882430448
148,1.27164265,4.26311808,0.48837985,0.5,2.0,0.2,30.063328383824892,7.845115784349052,-3.9422233656983603,0.6562401872038085,-1.551062180062359,1.522134622863917
149,7.72564056,0.56090695,4.80053008,0.5,2.0,0.2,27.485116700105596,-4.297164416497047,6.927114581956662,-0.01977660743222636,-1.383223290848787,-0.2812223271814746
150,7.37156966,0.92349833,2.30326072,0.5,2.0,0.2,42.98075493100362,1.2486817352431183,-4.552850377868472,-0.7046488373632829,-0.9953867199128045,-0.879440779675789
151,3.52377118,6.90532623,6.70542892,0.5,2.0,0.2,34.72339963456252,-1.774912880672536,5.829199817852268,-0.05429786603220673,0.30528104299031517,0.9914240375287053
152,6.68471754,6.8799616,4.21793041,0.5,2.0,0.2,22.15569525400904,-0.6122738570677106,3.757491817866398,-0.0016548538709060757,0.7577639325475639,-0.32702907767381456
153,6.50114647,8.13859616,2.3380165,0.5,2.0,0.2,22.154452607161353,6.025989955598753,-2.736616579999889,0.1017902079781401,-0.901941195855065,1.0988965032831544
154,8.45906696,6.80247442,1.02642486,0.5,2.0,0.2,27.186099045020807,4.935403319222275,-4.474985481377394,1.167085747315944,-2.2595677027688046,1.4088444611400561
155,0.01054504,2.75707829,2.4759491,0.5,2.0,0.2,31.77015203539937,6.469782161817909,0.7506438000386114,0.795366874352651,-1.9244508085162055,-0.8134545447208178
156,7.37655057,3.60386809,5.63588411,0.5,2.0,0.2,24.927876602523188,-13.92736756508245,-2.5997849646054285,0.5790729796082006,1.4173271177588984,0.5646563570458494
157,1.81374422,6.47584822,0.01949092,0.5,2.0,0.2,28.993958354264,-6.423258102961116,0.30958532850744025,-0.44832961381723335,-1.2286924930031695,0.10081254000585171
158,4.6002859,6.46602433,6.09648999,0.5,2.0,0.2,31.881969796334516,2.4883245842879687,1.8991711054935432,-0.32503131274529296,0.9966207171879808,0.9499625871789402
159,1.38068251,5.56728491,3.91515518,0.5,2.0,0.2,24.12255777652946,-2.183353290927025,0.13513884150271221,-0.14741662138177503,-0.735758022549291,0.3658334389817234
160,0.02196274,7.56213851,2.84409091,0.5,2.0,0.2,23.965210769709667,0.5591210888524907,-2.113771719578845,0.14614824474070326,-0.00426200554204677,-0.5758059330904866
161,0.33804358,6.94417552,4.52716909,0.5,2.0,0.2,21.218505556856268,3.477701457289136,2.7031677845970044,0.30766002774273676,0.8097260029965708,-0.43290131082824185
162,6.18567565,5.86512129,3.85562062,0.5,2.0,0.2,12.801162955556402,-4.138494251267157,5.203707600312561,-0.4837263354926543,-0.4819346022404996,0.6689146142935967
163,4.1987877,1.72011909,4.93199766,0.5,2.0,0.2,28.926703090875968,-1.429981838516779,0.2980684113741222,0.15384813014788146,-2.129451145263997,-1.3142504821073633
164,2.03776478,3.09315455,4.39917871,0.5,2.0,0.2,21.83927163801261,-5.178387120187303,-1.5332834755877467,-0.31177011941792304,-0.5197191310209,-1.1458638121322229
165,6.15261228,0.15734811,2.28342571,0.5,2.0,0.2,23.475298046984722,-0.06915403461580129,-4.270019807327461,0.07876157218403469,-1.2888010364808569,-2.099893277289561
166,7.68347593,5.97626408,7.99305899,0.5,2.0,0.2,28.172277008448216,9.116351028128719,4.857505678066635,-1.1743416299121856,1.6639873080146235,-0.037560120875435025
167,4.63193298,8.78856158,1.5905103,0.5,2.0,0.2,22.31100318953207,1.2546188181516005,-4.969450038500041,0.13536626100744376,0.16881662941267528,-0.2251386548255348
168,3.62561585,3.76295936,0.73431938,0.5,2.0,0.2,24.35753314694407,3.1225337119442913,1.1596108565628858,0.120990489431212,-0.5703589207033484,-0.8870728132927782
169,2.57955329,0.30313914,2.83149745,0.5,2.0,0.2,27.35857816890283,3.755166428279323,0.6669925816739681,0.12744348353821547,-0.44483934903486094,-0.505315935274267
170,1.59852559,1.36240583,8.67335849,0.5,2.0,0.2,28.26090135271385,-4.098774191241537,-1.5622153533285832,-0.1852992948916148,0.5580758682312089,1.387313547138447
171,0.17046712,7.8284406,3.98171486,0.5,2.0,0.2,24.027133029788704,2.7176464752173604,-1.394511723184501,-0.1720963427086165,0.6715602860581644,-0.714337963728232
172,1.59245057,0.9102734,1.15099564,0.5,2.0,0.2,33.521256540054665,-9.042177812958668,6.57247010319825,-0.49658419996781666,-0.27598084834627673,1.4562841595722822
173,7.2714884,4.96724724,8.1052843,0.5,2.0,0.2,34.705910191225655,-6.577161411011574,-2.517834786184693,-0.051663539791052766,1.248838908662019,-0.18988951892515232
174,5.0258122,8.37463674,6.66031556,0.5,2.0,0.2,29.30325359385466,-6.117256688588816,-0.2982269231098083,0.33824120159944115,0.3946204119256004,0.058861311823332665
175,8.72456683,4.98487141,4.75393865,0.5,2.0,0.2,30.67699247523458,-1.8463848212238936,-7.0932329513597026,0.1281592764980921,0.15400874102108528,-0.7385682407350945
176,2.7367758,2.32751921,6.80809555,0.5,2.0,0.2,28.916635513122248,0.385041619546835,7.159073680865824,-0.00825251054156539,0.48231918810971525,-1.1098210426272874
177,4.69809834,5.69444737,2.18355671,0.5,2.0,0.2,17.97523182829247,-4.424599366924046,-3.812923594467234,-0.20731675720732679,-1.4453520683502352,0.7222698921406044
178,5.86033808,2.26747444,8.73927887,0.5,2.0,0.2,21.193418652871415,2.907495987194445,3.4840468861484846,-0.11390898073900387,-0.18035329746902085,-0.20229051666224818
179,2.81011671,4.98340145,4.69752623,0.5,2.0,0.2,25.95569856314321,7.001402469836312,5.176631763660667,0.3734493457056222,-0.49776592007417275,-0.2760583381301102
180,7.32063118,6.76270002,5.04715185,0.5,2.0,0.2,30.135488450051326,4.241420672814863,-4.462153992356661,-0.17752984759423054,0.7877750349791997,-0.9466459370368113
181,1.51661962,5.18456034,2.61098677,0.5,2.0,0.2,19.358926030270673,-2.6214775218706303,-6.363280270518936,0.234852071292065,0.114101925815785,1.258729757833477
182,7.47265593,2.8074009,1.48517122,0.5,2.0,0.2,34.21736662285083,-4.747132050163722,0.699077830934087,-0.3368463233082027,-0.45389382236451525,0.5562984440636869
183,8.76034467,3.28319604,0.52110558,0.5,2.0,0.2,35.34667427517608,-2.6779690348613134,0.09783956003184803,0.16928200087181075,-0.36018669481453736,2.3702862224817483
184,8.31802411,3.32504628,4.28279424,0.5,2.0,0.2,31.301000319482284,-1.3261308422082687,-2.2042950171365336,-0.16964659885690095,-0.2429821352698455,0.054779093629093306
185,8.08419479,4.12210418,0.09021007,0.5,2.0,0.2,34.031653210233905,-7.38412379786378,-5.351456365965385,-0.2221626614893073,-1.7303755551780782,0.032562806056855714
186,3.18521116,2.0451762,2.82406258,0.5,2.0,0.2,36.121461229125785,-4.03925904634677,3.562193849475078,0.06849960874787582,1.1592361630263395,0.5595910708414154
187,2.30273129,4.06211901,6.18027607,0.5,2.0,0.2,24.401445877338997,5.939593731025978,4.588836457830828,-0.2415494145916883,-1.1166069408281643,0.08200612546785514
188,5.02097929,5.30544231,5.65977196,0.5,2.0,0.2,33.23906219388409,-1.3460086304381682,1.7609418272578259,0.055991253679961786,1.3789762186033434,0.533951863829838
189,6.8149224,1.11533227,6.5106935,0.5,2.0,0.2,30.565310462545213,-1.6700721884037817,7.975441822257197,0.6307979676452238,2.071318765587676,-0.500057685790967
190,3.10045713,6.61483719,8.89450817,0.5,2.0,0.2,26.88250874786957,-4.635823531932204,4.373303354528303,-0.19966161489358072,-0.022446051806729775,0.2636322295353483
191,2.6195622,3.53920774,0.92366771,0.5,2.0,0.2,20.90296002122102,9.063447575619044,-1.0940868643899262,0.3539418901117814,-0.6865635146012077,-0.27460784332267757
192,7.60139774,6.96992375,7.86219654,0.5,2.0,0.2,26.771861016541617,7.198726532694392,5.68032864802866,-0.0895181273391178,2.0117289318614944,-1.6637345180772911
193,8.75801838,4.70719578,2.46825651,0.5,2.0,0.2,33.02578229466282,-0.9224263481412301,7.372856250525236,-0.15215776750040014,0.8431228852644863,1.2202031269583888
194,5.55232999,7.92853963,8.00232593,0.5,2.0,0.2,19.8704237750776,4.067546566264875,-3.5668461829912737,-0.10981834901261618,-0.5141998440837432,0.7468776286186775
195,2.69142579,6.79482681,3.61580753,0.5,2.0,0.2,24.64249493504327,-1.3297616319773304,-3.782810535781072,-0.08838737432527757,1.0750083978585163,-0.020267720959600864
196,0.05082563,0.69781015,3.9375006,0.5,2.0,0.2,31.89360239408851,0.23560037883904886,7.617193501337832,0.31933811179444294,1.448234466812793,-0.6151552063848236
197,4.83493163,2.64341311,6.2323754,0.5,2.0,0.2,23.86887610169474,-0.7480395756939898,1.6367462239641992,0.1265225269595143,0.2986530649100687,0.46744237461779947
198,1.59630309,6.92949696,2.19584703,0.5,2.0,0.2,15.20074603546675,1.7370883776181,-2.346480392079562,0.08829425899637286,-0.17547050472557188,0.02193809305345853
199,3.00563045,2.83321081,4.05233502,0.5,2.0,0.2,31.322567814241584,-7.396685320367356,1.8846540008664894,-0.5787810101360857,-0.7371708911933178,1.132410385725014
200,2.74548021,5.34922798,8.38281417,0.5,2.0,0.2,32.267034687848785,-0.7371143521236723,1.8365404572036272,-0.32131241204333166,0.39504710391603953,0.6257007356115311
201,0.30392737,3.39596838,3.78205362,0.5,2.0,0.2,29.362748368310427,1.7491640270575788,-6.598359213392738,-0.5591380892998719,-0.7225416195548962,-1.8512406967964214
202,5.92804073,7.02349012,1.13633701,0.5,2.0,0.2,24.91278901856525,7.39290367409373,1.1695082332567115,-0.420126310712567,0.8373771935864308,-0.15480561921819364
203,2.03804756,8.0287021,6.90673065,0.5,2.0,0.2,31.797728587635003,-0.7510247917376413,-3.199514431526419,-0.12314289879667505,-2.390417296991523,0.9385009922771861
204,8.06341804,2.0527648,8.01873442,0.5,2.0,0.2,19.72294196625702,-3.5965583987410414,0.16790222048548642,-0.002258877558163992,0.7731426821198482,0.6542527934072514
205,6.39315546,0.93268504,8.0699444,0.5,2.0,0.2,30.303985808963663,-9.4429040767717,-4.942747304532824,-0.34548700437302615,-1.704337698654445,1.2776960562654107
206,5.9210564,1.64320838,3.82897384,0.5,2.0,0.2,33.62348459077214,-4.990597791533466,-5.724990617929517,-0.06694481450147767,-2.4800997615963634,1.3186762406830073
207,0.54004177,1.87162447,5.97763886,0.5,2.0,0.2,26.08075749444841,-3.6102534888356255,-5.104847034784744,0.5347047607968032,1.8462478970929304,-2.486190020713877
208,1.00609908,0.96907832,3.27161452,0.5,2.0,0.2,23.42135751923908,1.6417934818173423,0.46387144622448423,0.029844987511430488,-0.03809757559236713,0.18185944247218397
209,5.14903893,3.25706581,4.70865229,0.5,2.0,0.2,23.598255126501574,9.553449770232213,3.7968303240329506,0.10406895767992604,-0.07767489096672375,0.1603441728110755
210,7.47839633,2.79788821,7.63675354,0.5,2.0,0.2,31.318874257110146,-3.9862734088301077,-0.8627363481614023,-0.22302798231551516,-1.052252443664627,-1.5142315730804383
211,5.71983547,3.35200756,1.04914171,0.5,2.0,0.2,20.236318447469348,-2.985912132086984,-5.282717781756819,-0.24806159962299382,-0.8395988908041179,-0.4818571872771747
212,2.62335006,6.89507573,5.49142548,0.5,2.0,0.2,22.68095223900243,-2.896848909996389,0.21411669871740732,-0.028490737395101898,0.35822206456518274,-1.47293735886527
213,5.9479115,5.55092467,5.07249667,0.5,2.0,0.2,19.303025904467816,-4.5168861855945215,-1.3884005841491127,0.14095373688257143,0.7718261545898766,-0.01894578177024637
214,3.5612793,5.20112058,6.64497802,0.5,2.0,0.2,31.997970822157217,-2.6385390524948145,5.126484733734798,0.256398531362443,1.0023193971199562,0.22865461956663652
215,4.5501722,7.59656714,0.25172049,0.5,2.0,0.2,25.48568884064234,-3.088388422065085,0.39170114202609624,-0.2709635672164613,-0.6082714260787231,1.8382237823721674
216,5.9464143,3.13235158,5.52548078,0.5,2.0,0.2,24.679860897132922,0.46523683503585617,4.4120217367746974,-0.1003272959333823,1.4761046988914115,-0.8346808179491525
217,7.8621348,1.30620907,3.51585817,0.5,2.0,0.2,31.39337787730698,1.2796605758041666,1.2830395173646862,-0.3372960156931871,-0.06258833471270693,0.38714461556296415
218,0.95620824,2.10837894,5.09691691,0.5,2.0,0.2,26.304064046294396,-6.249593924627574,-4.266796683332689,-0.33699367354801485,-0.25547699437781707,-1.3355546321582732
219,4.43087046,6.48041019,7.80725259,0.5,2.0,0.2,31.77930161398406,1.7750931552479066,-3.3923884523251675,-0.31453387045183734,0.03567879734489626,1.0574340534127227
220,6.93503004,6.75141292,1.39527105,0.5,2.0,0.2,22.31979702461804,3.457959940703058,-7.835658096195234,-0.5465076589551142,1.3019571027991161,-0.41723903695114933
221,3.86821834,2.1719246,1.88371999,0.5,2.0,0.2,28.771685717015526,-4.173155270650124,1.6329874583629589,-0.013056460308831072,0.9709345515388962,1.0009444517562884
222,3.77640992,0.37044326,6.19114526,0.5,2.0,0.2,25.928127748243657,4.39647386481409,-2.050852352845492,0.011989497505397424,1.0444227347005126,1.375836805916712
223,0.71494891,4.73114774,4.53674083,0.5,2.0,0.2,25.104753485245993,-4.07859856887076,-5.864493470926793,0.3114547101198337,-0.8377415308610661,1.2817958145477306
224,0.94458734,2.46615448,3.91030098,0.5,2.0,0.2,26.343520492433466,-5.025287322564055,-6.673654062712356,-0.13174394203710943,-0.07379350395084468,0.5393134291205794
225,1.13081548,5.65351099,0.55547761,0.5,2.0,0.2,28.48557547942522,-8.419148513626416,0.37010693342286294,0.18001650443739559,0.6931028537200368,-1.2453694086195086
226,0.5143641,5.06773696,8.92029623,0.5,2.0,0.2,27.860734330350205,-3.9064697715442933,-0.9306088426526422,0.02706261981739157,0.09646110977741618,1.8502586824702882
227,3.30680616,7.78464501,4.91425149,0.5,2.0,0.2,25.87205937941741,0.23511405259252832,0.05510992242376159,0.00957453898195882,0.7512520902393813,-1.0773838191892084
228,6.93170438,0.35683191,5.83041815,0.5,2.0,0.2,31.002577845812084,-4.388056571590534,5.994655154491027,-0.3790415918433194,0.6686141934555994,0.9749463595444933
229,2.42423094,3.92844765,2.63526153,0.5,2.0,0.2,23.952559166945907,-3.2987060521560054,-7.083161616903904,0.38090303919212803,0.6319839200799943,1.1816974171689323
230,0.30266271,0.97994103,1.8751658,0.5,2.0,0.2,33.587820375329834,-7.357224611590333,-3.6964570915091244,-0.3402750367462835,-2.696217167905194,0.5634644004538183
231,6.09240169,8.74781337,3.23816626,0.5,2.0,0.2,26.525234999898032,0.14993006626503957,-0.18090949134494527,-0.1752259343510018,1.5499164455147083,-0.7633126740067625
232,6.70676627,2.18952776,5.00181359,0.5,2.0,0.2,20.66281410565163,6.077867264501035,1.4506617776172976,-0.6267653755744922,0.28246155710008336,-1.017638014558488
233,0.50298734,6.05185985,2.53437791,0.5,2.0,0.2,20.134967971809466,-0.10227248819469976,-3.1969460429437104,0.16601437774937988,1.1565026157412956,-0.054939527714007376
234,0.56655988,5.79039556,8.22981881,0.5,2.0,0.2,30.064089602816516,0.37942189271755444,-3.602976565042066,-0.3913817310632123,-0.8655198805898909,-2.281311185391096
235,6.71771035,6.40911043,7.67905022,0.5,2.0,0.2,21.3955486525764,1.9874435436477325,1.5966869568902544,-0.1610705020898883,-0.6788506756522626,0.2725935974500925
236,8.47365312,6.52565604,5.15406732,0.5,2.0,0.2,26.004987259008626,6.057908547111228,3.1874737802288835,-0.16084345007327835,0.21185679516642397,0.82298889587463
237,6.18287185,8.15360144,4.23155476,0.5,2.0,0.2,26.20273721721138,-2.5305510465082204,4.782645383504634,-0.09948338062413369,0.9944868788687805,0.7288323403825605
238,3.32887428,5.68303359,5.50165778,0.5,2.0,0.2,22.85209319946798,-3.2524701593715695,-2.817962873851435,0.07379058866773598,0.8371115924128452,0.6144539643097056
239,2.01094376,2.0193026,1.27548759,0.5,2.0,0.2,28.00981149145472,-2.9875166384670093,5.4946402541868204,0.008495596460969985,-0.5645288025954883,-0.47803268687854156
240,1.7896709,5.52708431,7.41229012,0.5,2.0,0.2,27.230565974645,-0.5901093957161423,0.322772380945857,0.41695628522714745,-0.31036988157454665,-2.7819795892676358
241,6.59460931,7.84704425,7.58402611,0.5,2.0,0.2,28.89661057017037,13.385137630266136,3.159147675409026,0.5947139086242234,-0.9266078833059683,0.06925152594977974
242,1.83405554,7.56141215,0.76750941,0.5,2.0,0.2,23.575949839518266,2.1474469268605008,0.9109917448192312,-0.035089714639262436,0.9858147614130383,-0.1542627189621272
243,7.87294749,3.75134254,2.28685741,0.5,2.0,0.2,30.115216451992865,-10.76989342667818,7.299125266602408,0.2318438090347936,0.32552880266925743,-0.5193747076270373
244,4.28298508,6.7642819,2.78054995,0.5,2.0,0.2,16.653834392086303,2.7955841675619215,-6.876574233562902,0.026070996453972334,-0.7482688615404433,-0.7708148154808451
245,3.88059644,0.00325507,7.69046564,0.5,2.0,0.2,23.29604827626532,3.3965379146200663,3.607270543890437,0.20743891261824096,-0.25343639648903377,-0.7725399172064658
246,1.41221475,0.5246143,7.12715117,0.5,2.0,0.2,24.053934286517656,0.9442282571336226,-0.5967708439955428,0.05203400509888265,0.6897475618625635,0.8118469955601759
247,6.65459403,3.99218123,4.67889098,0.5,2.0,0.2,24.219582752604364,-5.310777505192943,0.3611329798788886,-0.16893432667319205,-0.2854478453730245,-0.6743423275605228
248,2.38786014,4.67824365,7.21644762,0.5,2.0,0.2,25.266907337776555,-0.3616669459670878,3.4324245017354444,0.004605786451432351,0.07937903180743287,0.9853075547999024
249,5.09274148,6.76303203,3.60458441,0.5,2.0,0.2,19.671382561647068,3.5300878676252467,2.48847348784544,0.2410131140952168,0.1398129636706112,-1.8522742511732577
250,8.3133286,8.53481272,3.84114291,0.5,2.0,0.2,24.664586621792875,-0.5313157743053488,5.185331956957246,0.03874088548573567,0.9367979585402865,-0.280331564312165
251,4.28970059,7.86205976,1.24746574,0.5,2.0,0.2,22.337375783332206,-3.871911296637017,1.6023007179684,0.061404718729431734,0.24892584587381475,0.9276359973234373
252,7.48265951,1.56938534,1.07482514,0.5,2.0,0.2,41.94710833953947,2.751197452188333,-0.3204345397229307,-0.08620464955170368,0.7332873604331968,1.121446352666629
253,2.25174469,6.21832016,4.68643589,0.5,2.0,0.2,22.417982477739265,-1.754116164066085,-1.2098635851380437,-0.13264596093992082,-0.07451748786855736,0.3299850079301532
254,7.82587303,7.59332864,0.97133796,0.5,2.0,0.2,23.74072394508442,5.3126513661354995,-10.255321313184478,-0.19845500469093336,-1.0797543012780082,-1.1241746554136494
255,1.63186556,3.36681148,1.25640028,0.5,2.0,0.2,24.733062239478794,9.60175652798856,1.1533690762435334,-0.022948501830790825,-0.4185423787345288,1.255417645814935
256,0.86414477,7.28356048,0.1421949,0.5,2.0,0.2,33.555304492799884,-0.04411126898634768,0.6434522941189794,0.042157308760007305,-1.1335726387919334,0.3261258553052233
257,2.27547616,7.74842159,3.17182548,0.5,2.0,0.2,21.373605407901895,-0.2968529090517929,-1.089274425515298,-0.06324713911653777,-1.126719039143744,-1.0991187148856219
258,6.66617097,5.47628686,2.40445124,0.5,2.0,0.2,23.37227483712896,-4.449152379038387,4.3788437449163125,0.26870303128150297,1.5272841929475973,-0.18368098308757563
259,8.6707282,1.35223077,6.1101912,0.5,2.0,0.2,19.37656133437783,-8.40806568534937,0.9038574473457075,0.5753254746521862,1.2021703921111062,0.4503128383521963
260,2.25181338,7.88793981,8.90793415,0.5,2.0,0.2,26.71462446577882,-1.2696365223130852,2.6009272572108357,0.2001916842823431,-0.07459357423498247,-1.754741263194138
261,6.99345145,2.86571426,2.83545303,0.5,2.0,0.2,27.986301285873818,1.4503265851201126,-1.8650160619568257,0.31357917147621006,0.2867236894423216,0.7668294705392469
262,8.01367127,2.92247465,3.15753613,0.5,2.0,0.2,24.949324955783823,5.559126244830806,-2.1064520783671625,0.06463415256906503,0.2582827802011968,-0.3675122900066285
263,6.69130681,8.96351249,4.88637076,0.5,2.0,0.2,29.905144246499116,-5.260575485151288,0.9009629563983461,-0.6181616587951909,-1.7579076183521385,-0.04213855225556144
264,3.66254964,0.0606654,0.84155399,0.5,2.0,0.2,32.257083060218754,-1.6742220205252818,-2.6577251051494053,0.12469676106809476,-1.2408670093750407,1.7031381793570863
265,4.38424901,3.62334945,7.59063602,0.5,2.0,0.2,27.512464374939036,-4.015397433493752,0.9524841189120627,-0.08994002924459835,0.23017129745174633,0.48508838338117244
266,6.70899163,8.59652822,1.00459919,0.5,2.0,0.2,29.090193085515676,-1.5866258438514562,-5.047310489236566,0.13917831436368672,-0.08819449998982759,-1.1999861541623957
267,1.71928291,4.97590041,5.1741069,0.5,2.0,0.2,20.42826253254955,0.546571430322395,4.8892406275878475,0.269157255845747,-0.07059735234601403,-0.08144176450981053
268,3.92567333,1.39544689,0.91016483,0.5,2.0,0.2,27.604304779547917,0.9494885744874088,1.075947797312538,-0.10373463378847775,1.827134794068773,0.4157998486563564
269,7.26018322,0.1978233,3.34556035,0.5,2.0,0.2,31.576510970234406,-6.663978579682159,-1.313332068590852,0.18887445754465493,0.6072843557454255,-0.07571399837102262
270,6.79958125,1.29851848,8.91115042,0.5,2.0,0.2,31.368314100095937,-0.1660331664293363,-5.318734886893038,0.23267015150216325,2.902871264880223,0.361157485785196
271,0.57942635,8.21596215,1.25954734,0.5,2.0,0.2,22.35967444840976,5.291727978754484,7.375479750221343,-0.11419402233443364,0.46482868973406305,-0.2106374065057241
272,3.31881613,2.1621923,8.2411724,0.5,2.0,0.2,27.37941653548797,0.4009224160012238,-3.361832190940792,-0.04367813545196769,-0.5295028500397753,-1.980712813869623
273,3.67394794,0.75854374,5.06751646,0.5,2.0,0.2,27.502902849880883,-0.5575909560189258,2.6984158435912846,0.05217573043596987,-1.0592202885247535,-0.4340601481637349
274,8.37850121,5.15515246,0.89055988,0.5,2.0,0.2,35.02868115626247,1.0977555680879574,-0.03970654469929248,-0.049397768108858375,-1.851583538920319,-0.6635608958031356
275,5.23811377,5.61404279,3.44759738,0.5,2.0,0.2,18.5413482076293,-4.978762480465773,2.1570479305028636,-0.40831737244148214,-0.7678903424767672,1.6483284800041293
276,3.83902798,2.51774371,5.76511514,0.5,2.0,0.2,21.09942367462994,1.6509088142768382,0.07833357531081775,0.11864553689501374,-1.3969994405445052,-0.5611294333456984
277,7.07356855,6.95684874,2.94669666,0.5,2.0,0.2,24.579037252242284,1.2172933427647843,2.3621647562228913,-0.013186606007275817,-0.8352465944206262,0.39843302233261463
